{"initial_reset_timestamp": 1503002603.3810933, "timestamps": [1503002665.275077], "episode_lengths": [3631], "episode_types": ["t"], "episode_rewards": [151.0]}