{"episode_rewards": [-117.0], "episode_types": ["t"], "initial_reset_timestamp": 1503002551.463924, "timestamps": [1503002555.6502354], "episode_lengths": [117]}